SMILES,delta_d,delta_p,delta_h,canon_SMILES
CC=O,14.7,12.5,7.9,CC=O
CC=NO,16.3,4,20.2,CC=NO
CC(=O)N,17.3,18.7,22.4,CC(N)=O
CC(=O)NC1=CC=CC=C1,20.6,13.3,12.4,CC(=O)Nc1ccccc1
CC(=O)O,14.5,8,13.5,CC(=O)O
CC(=O)OC(=O)C,16,11.7,10.2,CC(=O)OC(C)=O
CC(=O)C,15.5,10.4,7,CC(C)=O
CC(C)(C#N)O,16.6,12.2,15.5,CC(C)(O)C#N
CC(=NOC)C,14.7,4.6,4.6,CON=C(C)C
CC#N,15.3,18,6.1,CC#N
CC(=O)C1=CC=CC=C1,19.6,8.6,3.7,CC(=O)c1ccccc1
CC(=NO)C,16.3,3.7,10.9,CC(C)=NO
CC(=O)OC=CC=C,16.1,4.4,8.3,C=CC=COC(C)=O
CC(=O)N1CCCCCC1=O,18.9,8.7,4.8,CC(=O)N1CCCCCC1=O
CC(=O)N1CCOCC1,18.3,5.3,7.8,CC(=O)N1CCOCC1
CC(=O)N1CCCCC1,18.5,10,6.5,CC(=O)N1CCCCC1
CC(=O)N1CCCC1=O,17.8,13.1,8.3,CC(=O)N1CCCC1=O
CC(=O)OC1=CC=CC=C1C(=O)O,19,6.6,9.3,CC(=O)Oc1ccccc1C(=O)O
CC(=O)C1=CC=CS1,19.1,12.2,9.3,CC(=O)c1cccs1
CCOC(=O)CC(CC(=O)OCC)(C(=O)OCC)OC(=O)C,16.6,3.5,8.6,CCOC(=O)CC(CC(=O)OCC)(OC(C)=O)C(=O)OCC
CC(=O)CC(=O)C,16.1,11.2,6.2,CC(=O)CC(C)=O
CC(=O)Br,16.7,10.6,5.2,CC(=O)Br
CC(=O)Cl,16.2,11.2,5.8,CC(=O)Cl
C#C,14.4,4.2,11.9,C#C
CC(=O)F,14.7,14,5.7,CC(=O)F
C1=CC=C2C(=C1)C=C3C=CC=CC3=N2,21.7,5.9,2,c1ccc2nc3ccccc3cc2c1
C=CC=O,15,7.2,7.8,C=CC=O
C=CC(=O)N,15.8,12.1,12.8,C=CC(N)=O
C=CC(=O)O,17.7,6.4,14.9,C=CC(=O)O
C=CC#N,16,12.8,6.8,C=CC#N
C=CC(=O)Cl,16.2,11.6,5.4,C=CC(=O)Cl
C(CCC(=O)O)CC(=O)O,17.1,9,14.6,O=C(O)CCCCC(=O)O
CNCC(C1=CC(=C(C=C1)O)O)O,20.5,8.7,19.9,CNCC(O)c1ccc(O)c(O)c1
C1=CC=C(C=C1)C(=O)CCl,20,9.6,5.7,O=C(CCl)c1ccccc1
CC(=O)OCC=C,15.7,4.5,8,C=CCOC(C)=O
C=CCCC(=O)O,16.7,4.7,11.3,C=CCCC(=O)O
CC(=O)CC(=O)OCC=C,15.9,6.9,8.6,C=CCOC(=O)CC(C)=O
C=CCCC#N,16.3,11.2,5,C=CCCC#N
C=CCO,16.2,10.8,16.8,C=CCO
C=CCN,15.5,5.7,10.6,C=CCN
C=CCBr,16.5,7.3,4.9,C=CCBr
C=CCCl,17,6.2,2.3,C=CCCl
C=CCC#N,16,14.3,5.6,C=CCC#N
CCOCC=C,15,4.8,5.1,C=CCOCC
C=CCF,14.9,6.4,1,C=CCF
C=CCOC=O,15.7,5.4,8.8,C=CCOC=O
C=CCI,17.4,6.4,3.3,C=CCI
C=CC[N+]#[C-],16.1,13,5.4,[C-]#[N+]CC=C
CC(C)OCC=C,15,4.1,7.1,C=CCOC(C)C
C=CCN=C=S,17,11.3,8.5,C=CCN=C=S
C=CCS,16.4,6.2,7.9,C=CCS
CC(=C)C(=O)OCC=C,15.2,4.1,7.5,C=CCOC(=O)C(=C)C
COCC=C,15,4.3,5.9,C=CCOC
CC(C)(CO)N,17.2,22.5,23.3,CC(C)(N)CO
C1CC1(C(=O)O)N,17,6.3,13.6,NC1(C(=O)O)CC1
C1=CC=NC(=C1)N,20.4,8.1,12.2,Nc1ccccn1
C1=CN=CC=C1N,20.4,16.1,12.9,Nc1ccncc1
N,13.7,15.7,17.8,N
CC(CC1=CC=CC=C1)N,17.5,4.3,6.3,CC(N)Cc1ccccc1
CCCCCOC(=O)C,15.8,3.3,6.1,CCCCCOC(C)=O
CC=CC1=CC=C(C=C1)OC,19,4.3,8.7,CC=Cc1ccc(OC)cc1
C1=CC=C(C=C1)N,19.4,5.1,10.2,Nc1ccccc1
COC1=CC=CC=C1C=O,19.4,11.9,8.3,COc1ccccc1C=O
COC1=CC=CC=C1N,19.5,5.4,11.4,COc1ccccc1N
COC1=CC=C(C=C1)N,19.9,6.5,11.3,COc1ccc(N)cc1
COC1=CC=CC=C1,17.8,4.1,6.7,COc1ccccc1
C1=CC=C2C(=C1)C(=O)C3=CC=CC=C3C2=O,20.3,7.6,4.8,O=C1c2ccccc2C(=O)c2ccccc21
C(C(C1C(=C(C(=O)O1)O)O)O)O,18,12.6,27.6,O=C1OC(C(O)CO)C(O)=C1O
CCN=[N+]=[N-],15.9,8.9,12.9,CCN=[N+]=[N-]
C=CCN=[N+]=[N-],16.8,7.7,13.4,C=CCN=[N+]=[N-]
C1=CC=C(C=C1)C(Cl)Cl,19.9,6.6,2.4,ClC(Cl)c1ccccc1
C1=CC=C(C=C1)C=O,19.4,7.4,5.3,O=Cc1ccccc1
C1=CC=C(C=C1)C(=O)N,21.2,14.7,11.2,NC(=O)c1ccccc1
C1=CC=CC=C1,18.4,0,2,c1ccccc1
C1=CC(=CC(=C1)O)O,18,8.4,21,Oc1cccc(O)c1
C1=CC=C2C(=C1)NC=N2,20.6,14.9,11,c1ccc2[nH]cnc2c1
C1=CC=C2C(=C1)C=NO2,20.6,11.5,8.8,c1ccc2oncc2c1
C1=CC=C2C(=C1)C=CO2,18.7,5.1,5.7,c1ccc2occc2c1
C1=CC=C(C=C1)C(=O)O,18.2,6.9,9.8,O=C(O)c1ccccc1
C1=CC=C(C=C1)C(C(=O)C2=CC=CC=C2)O,19.9,9.7,10.7,O=C(c1ccccc1)C(O)c1ccccc1
C1=CC=C(C=C1)C#N,17.4,9,3.3,N#Cc1ccccc1
C1=CC=C(C=C1)C(=O)C2=CC=CC=C2,19.6,8.6,5.7,O=C(c1ccccc1)c1ccccc1
C1=CC=C2C(=C1)N=CS2,20.6,5.2,8.4,c1ccc2scnc2c1
C1=CC2=NNN=C2C=C1,18.7,15.6,12.4,c1ccc2n[nH]nc2c1
C1=CC=C(C=C1)C(Cl)(Cl)Cl,20.2,6.6,3.2,ClC(Cl)(Cl)c1ccccc1
C1=CC=C(C=C1)C(=O)Cl,20.7,8.2,4.5,O=C(Cl)c1ccccc1
CC(=O)OCC1=CC=CC=C1,18.3,5.7,6,CC(=O)OCc1ccccc1
C1=CC=C(C=C1)CO,18.4,6.3,13.7,OCc1ccccc1
C1=CC=C(C=C1)CN,19.2,4.6,11.7,NCc1ccccc1
C1=CC=C(C=C1)COC(=O)C2=CC=CC=C2,20,5.1,5.2,O=C(OCc1ccccc1)c1ccccc1
CCCCOC(=O)C1=CC=CC=C1C(=O)OCC2=CC=CC=C2,19,11.2,3.1,CCCCOC(=O)c1ccccc1C(=O)OCc1ccccc1
C1=CC=C(C=C1)CCl,18.8,7.1,2.6,ClCc1ccccc1
CC(=C)C(=O)OCC1=CC=CC=C1,16.8,4.1,4.1,C=C(C)C(=O)OCc1ccccc1
C1CC(=O)N(C1)CC2=CC=CC=C2,18.2,6.1,5.6,O=C1CCCN1Cc1ccccc1
CCOCC1=CC=CC=C1,18.4,3.8,3.8,CCOCc1ccccc1
C1CCC(CC1)C2CCCCC2,18.6,0,0,C1CCC(C2CCCCC2)CC1
C1=CC=C(C=C1)C2=CC=CC=C2,19.7,1,2,c1ccc(-c2ccccc2)cc1
C(=O)(N)NC(=O)N,20,14.6,18.8,NC(=O)NC(N)=O
B.[C-]#[O+],17,10.2,6.9,B.[C-]#[O+]
B(Cl)(Cl)Cl,16.6,2.5,0,ClB(Cl)Cl
BrBr,18.2,2.1,0,BrBr
C=C(CO)Br,17.1,9.9,16.2,C=C(Br)CO
CC(=C)Br,16.1,6,4.9,C=C(C)Br
CC=CBr,16.3,6.4,5,CC=CBr
C=CCCBr,16.5,6,4.5,C=CCCBr
C=C=CCBr,17,6.5,4.7,C=C=CCBr
C1=CC(=C(C=C1Br)C(F)(F)F)[N+](=O)[O-],20,6,4.9,O=[N+]([O-])c1ccc(Br)cc1C(F)(F)F
CCOC1=CC=C(C=C1)Br,19.5,7.7,5.3,CCOc1ccc(Br)cc1
C#CBr,15.7,9.9,5.6,C#CBr
COC1=CC=CC=C1Br,19.8,8.4,6.7,COc1ccccc1Br
C1=CC=C(C=C1)Br,20.5,5.5,4.1,Brc1ccccc1
C1=CC(=CC=C1C#N)Br,20.4,9.3,5.8,N#Cc1ccc(Br)cc1
C1=CC(=CC=C1C(=O)Cl)Br,20.2,6.5,5.5,O=C(Cl)c1ccc(Br)cc1
CCC(C)Br,16.3,7.7,4.4,CCC(C)Br
C1=CC=C(C(=C1)Cl)Br,20.3,7.7,4.6,Clc1ccccc1Br
C(Cl)Br,17.3,5.7,3.5,ClCBr
C=CBr,16.1,6.3,2.3,C=CBr
C(Br)(Br)Br,21.4,4.1,6.1,BrC(Br)Br
COCBr,16.9,8.5,7,COCBr
C1=CC=C2C(=C1)C=CC=C2Br,20.3,3.1,4.1,Brc1cccc2ccccc12
C1=CC(=CC=C1[N+](=O)[O-])Br,20.9,9.9,5.9,O=[N+]([O-])c1ccc(Br)cc1
C=CC(=C)Br,16.9,6.4,4.7,C=CC(=C)Br
CCCBr,16.4,7.9,4.8,CCCBr
CC(C)Br,16.1,8.3,4.7,CC(C)Br
C#CCBr,18.1,6.5,5.3,C#CCBr
C=CC1=CC=CC=C1Br,19.5,5.2,5.3,C=Cc1ccccc1Br
C1=CSC(=C1)Br,20.1,5.2,4.6,Brc1cccs1
CC1=CC=CC=C1Br,19.3,5,4.2,Cc1ccccc1Br
CC1=CC=C(C=C1)Br,19.3,6.8,4.1,Cc1ccc(Br)cc1
C(Cl)(Cl)(Cl)Br,18.3,0.8,0,ClC(Cl)(Cl)Br
C(F)(F)(F)Br,9.6,2.4,0,FC(F)(F)Br
CC=C=C,14.7,1.7,6.2,C=C=CC
C=CC=C,14.8,2.8,5.6,C=CC=C
C=CC=CCl,15.6,8.5,2,C=CC=CCl
C=C=CCO,16.2,6.6,16.8,C=C=CCO
C=CC(=CCl)Cl,17,10.7,2.8,C=CC(Cl)=CCl
C=CC=CC#N,16.2,11.7,5.2,C=CC=CC#N
C1C(O1)C2CO2,18.3,14.4,6.2,C1OC1C1CO1
CC(=O)C(=O)C,15.7,5.1,6.8,CC(=O)C(C)=O
C=CC(=O)OCCCCOC(=O)C=C,16.8,9.1,4.2,C=CC(=O)OCCCCOC(=O)C=C
CCCC,14.1,0,0,CCCC
CC(CCO)O,16.6,10,21.5,CC(O)CCO
C(CCO)CO,16.6,15.3,21.7,OCCCCO
CCCCS,16.3,5.3,4.5,CCCCS
CCCCO,16,5.7,15.8,CCCCO
CCC(C)O,15.8,5.7,14.5,CCC(C)O
CCC=C,13.2,1.3,3.9,C=CCC
CC=CC,14.7,1.3,4.1,CC=CC
CC=CC,14.6,0,2.9,CC=CC
C=CCC#N,16.2,14.3,5.6,C=CCC#N
CC=CCOC,15.2,3.4,5,CC=CCOC
CC=CCOC,15.3,4.4,4.3,CC=CCOC
CCCCOCC(COCC)O,15.5,6.5,10.2,CCCCOCC(O)COCC
CCCCOC(=O)C,15.8,3.7,6.3,CCCCOC(C)=O
CCC(C)OC(=O)C,15,3.7,7.6,CCC(C)OC(C)=O
CC(=O)OC(C)(C)C,15.4,6.2,6.2,CC(=O)OC(C)(C)C
CCCCOC(=O)CC(=O)C,16.6,5.8,7.3,CCCCOC(=O)CC(C)=O
CCCCOC(=O)C=C,15.6,6.2,4.9,C=CC(=O)OCCCC
CC(C)(C)O,15.2,5.1,14.7,CC(C)(C)O
CCCCN,16.2,4.5,8,CCCCN
CCCCN,16,20.3,18.4,CCCCN
CCCCOC(=O)C1=CC=CC=C1,18.3,5.6,5.5,CCCCOC(=O)c1ccccc1
CCCCOC(=O)CCC,15.6,2.9,5.6,CCCCOC(=O)CCC
CCCCC1CCCCC1,16.2,0,0.6,CCCCC1CCCCC1
CCCCC1CCCC1,16.4,0,1,CCCCC1CCCC1
CCCCOC=O,15.7,6.5,9.2,CCCCOC=O
CCCCOC(C)C,14.8,5.3,5,CCCCOC(C)C
CCCCOC(=O)C(C)O,15.8,6.5,10.2,CCCCOC(=O)C(C)O
CCCCOC(=O)C(=C)C,15.6,6.4,6.6,C=C(C)C(=O)OCCCC
CCCCCCC(CCCC)CO,16.1,3.6,9.3,CCCCCCC(CO)CCCC
CCCCOC(=O)CC,15.7,5.5,5.9,CCCCOC(=O)CC
CCCCOC(=O)C1=CC=CC=C1O,17.9,4.8,11.7,CCCCOC(=O)c1ccccc1O
CCCCCCCCCCCCCCCCCC(=O)OCCCC,14.5,3.7,3.5,CCCCCCCCCCCCCCCCCC(=O)OCCCC
CCCCC1=CC=CC(=C1)C,17.4,0.1,1,CCCCc1cccc(C)c1
CCCCC1=CC=CC=C1,17.4,0.1,1.1,CCCCc1ccccc1
CC1C(OC(=O)O1)C,18,16.8,3.1,CC1OC(=O)OC1C
CCC1CO1,16.3,6.2,5.9,CCC1CO1
CCCCC1=CC=CC=C1C,17.6,0.1,1,CCCCc1ccccc1C
CCCCC1=CC=C(C=C1)C,17.4,0.1,1,CCCCc1ccc(C)cc1
C(#CC#N)C#N,15.2,16.2,8,N#CC#CC#N
CCCC=O,15.6,10.1,6.2,CCCC=O
CCCC(=O)N,16.9,13.7,12.3,CCCC(N)=O
CCCC(=O)O,14.9,4.1,10.6,CCCC(=O)O
CCCC(=O)OC(=O)CCC,16,6.3,7.7,CCCC(=O)OC(=O)CCC
C1CC(=O)OC1,19,16.6,7.4,O=C1CCCO1
CCCC#N,15.3,12.4,5.1,CCCC#N
CCCC(=O)Cl,16.8,9.4,4.8,CCCC(=O)Cl
CN1C=NC2=C1C(=O)N(C(=O)N2C)C,19.5,10.1,13,Cn1c(=O)c2c(ncn2C)n(C)c1=O
C1CCC(=O)OCC1,19.7,15,7.4,O=C1CCCCCO1
C1=CC=C2C(=C1)C3=CC=CC=C3N2,21.7,6.4,6.2,c1ccc2c(c1)[nH]c1ccccc12
C(=O)=O,15.7,6.3,5.7,O=C=O
C(=S)=S,20.5,0,0.6,S=C=S
C(=S)=S,19.9,5.8,0.6,S=C=S
C(Cl)(Cl)(Cl)Cl,17.8,0,0.6,ClC(Cl)(Cl)Cl
C(Cl)(Cl)(Cl)Cl,16.1,8.3,0,ClC(Cl)(Cl)Cl
C(#N)C(=O)C#N,15,6.3,8,N#CC(=O)C#N
CCCCCCC(CC=CCCCCCCCC(=O)OCC(COC(=O)CCCCCCCC=CCC(CCCCCC)O)OC(=O)CCCCCCCC=CCC(CCCCCC)O)O,15.9,4.6,12,CCCCCCC(O)CC=CCCCCCCCC(=O)OCC(COC(=O)CCCCCCCC=CCC(O)CCCCCC)OC(=O)CCCCCCCC=CCC(O)CCCCCC
CCCCCCCCCCCCCCCCO,15.1,3.7,8.1,CCCCCCCCCCCCCCCCO
C(=O)C(Cl)(Cl)Cl,17.2,7.4,7.6,O=CC(Cl)(Cl)Cl
ClCl,17.3,10,0,ClCl
C(C=O)Cl,16.2,16.1,9,O=CCCl
C(C(=O)O)Cl,17.7,10.4,12.3,O=C(O)CCl
CC(=O)C1=CC=C(C=C1)Cl,19.6,7.6,4,CC(=O)c1ccc(Cl)cc1
C(C=CCl)O,17.2,10.3,16.5,OCC=CCl
C=C(CO)Cl,17.1,10.2,16.4,C=C(Cl)CO
C=CC(=O)OCCl,15.9,7.3,8.5,C=CC(=O)OCCl
CCCCCCl,16,6.9,1.9,CCCCCCl
CC([N+](=O)[O-])Cl,16.8,13.5,4.7,CC(Cl)[N+](=O)[O-]
CCC([N+](=O)[O-])Cl,16.8,13,4.5,CCC(Cl)[N+](=O)[O-]
C(CO)CCl,17.5,5.7,14.7,OCCCCl
C=C=CCCl,16.6,8,6.7,C=C=CCCl
CC=CCCl,16.2,7.7,2,CC=CCCl
CCOC1=CC=CC=C1Cl,19.2,8.1,4.4,CCOc1ccccc1Cl
CCC1=CC=CC=C1Cl,18.9,4.9,2.2,CCc1ccccc1Cl
CC(C)(C)Cl,15.6,7.6,2,CC(C)(C)Cl
CC(=C)CCl,16.2,5.6,2,C=C(C)CCl
CC(=CCl)C,16.1,7.1,4.2,CC(C)=CCl
CC1=C(C=CC=C1Cl)[N+](=O)[O-],20.3,9.6,3.8,Cc1c(Cl)cccc1[N+](=O)[O-]
CC1=C(C=C(C=C1)Cl)[N+](=O)[O-],19.9,11.8,3.8,Cc1ccc(Cl)cc1[N+](=O)[O-]
CCOC1=CC=C(C=C1)Cl,19.3,6.3,4.4,CCOc1ccc(Cl)cc1
CC1=CC(=C(C=C1)N)Cl,19.7,7.4,8.9,Cc1ccc(N)c(Cl)c1
CC1=CC(=C(C=C1)Cl)O,19,7.7,13.1,Cc1ccc(Cl)c(O)c1
C(C(=O)N)Cl,17.6,12.4,12.8,NC(=O)CCl
CC(=O)CCl,16.8,9.6,5.5,CC(=O)CCl
C(C#N)Cl,17.4,13.6,2,N#CCCl
C(C(=O)Cl)Cl,17.5,9.2,5.5,O=C(Cl)CCl
C#CCl,16.2,2.1,2.5,C#CCl
CC(=O)OC(C(=C)Cl)OC(=O)C,16.7,7.3,8.8,C=C(Cl)C(OC(C)=O)OC(C)=O
C1=CC(=CC(=C1)Cl)N,20.6,9.9,9.8,Nc1cccc(Cl)c1
COC1=CC=C(C=C1)Cl,19.6,7.8,6.7,COc1ccc(Cl)cc1
C1=CC(=CC=C1C=O)Cl,19.9,7.2,5.6,O=Cc1ccc(Cl)cc1
C1=CC=C(C=C1)Cl,19,4.3,2,Clc1ccccc1
C1=CC(=CC=C1C#N)Cl,19.5,8,4.1,N#Cc1ccc(Cl)cc1
C1=CC(=CC=C1C(Cl)(Cl)Cl)Cl,20.3,5.5,3.5,Clc1ccc(C(Cl)(Cl)Cl)cc1
C1=CC(=CC=C1C(=O)Cl)Cl,19.9,6.7,5.1,O=C(Cl)c1ccc(Cl)cc1
C1=CC(=CC=C1CO)Cl,19.6,7.5,13,OCc1ccc(Cl)cc1
C1=CC(=CC(=C1)Cl)CCl,19.9,9.3,2.6,ClCc1cccc(Cl)c1
CCCCCl,16.2,5.5,2,CCCCCl
CCC(C)Cl,15.8,7.6,2,CCC(C)Cl
C1CCC(=O)C(C1)Cl,18.5,13,5.1,O=C1CCCCC1Cl
C1CC1Cl,17.6,7.2,2.2,ClC1CC1
C(F)(F)Cl,12.3,6.3,5.7,FC(F)Cl
CN(C)Cl,16,7.8,7.9,CN(C)Cl
CC(=O)OCCCl,16.7,9.6,8.8,CC(=O)OCCCl
C1=CC=C(C=C1)CCCl,19.3,6.3,2.2,ClCCc1ccccc1
CCOCCCl,16.3,7.9,4.6,CCOCCCl
CCSCCCl,17.2,5,6.1,CCSCCCl
C1=CC=C(C(=C1)F)Cl,19.4,8.7,2,Fc1ccccc1Cl
C(Cl)(Cl)Cl,17.8,3.1,5.7,ClC(Cl)Cl
CCCCCCCl,16.1,6.2,1.7,CCCCCCCl
C(OCCl)Cl,17.2,4.9,6.6,ClCOCCl
C(SCCl)Cl,16.6,6.4,2,ClCSCCl
C1=CC=C2C(=C1)C=CC=C2Cl,19.9,4.9,2.5,Clc1cccc2ccccc12
C1=CC(=CC=C1[N+](=O)[O-])Cl,20.4,9.6,4.2,O=[N+]([O-])c1ccc(Cl)cc1
C([N+](=O)[O-])Cl,17.4,13.5,5.5,O=[N+]([O-])CCl
C1=CC=C(C(=C1)O)Cl,20.3,5.5,13.9,Oc1ccccc1Cl
C([N+](=O)[O-])(Cl)(Cl)Cl,17.6,6.8,7,O=[N+]([O-])C(Cl)(Cl)Cl
C=CC(=C)Cl,16.1,5.4,2.1,C=CC(=C)Cl
C=C(C=O)Cl,17.1,12.9,8.1,C=C(Cl)C=O
CC=CCl,15.3,6.9,2.2,CC=CCl
C(CCl)C=O,17,13.3,8.2,O=CCCCl
C(CCl)C#N,17.3,15.9,6.1,N#CCCCl
C#CCCl,16.7,7.4,2.3,C#CCCl
C=CC1=CC=C(C=C1)Cl,18.7,4.3,3.9,C=Cc1ccc(Cl)cc1
C=CC1=CC=CC=C1Cl,18.7,4.7,3.9,C=Cc1ccccc1Cl
C1=CSC(=C1)Cl,19.2,6.2,8,Clc1cccs1
C1=CC(=CC=C1S)Cl,20.8,8.6,10.6,Sc1ccc(Cl)cc1
C1=CC=C(C(=C1)S)Cl,20.2,7,10,Sc1ccccc1Cl
CC1=CC=C(C=C1)Cl,19.1,6.2,2.6,Cc1ccc(Cl)cc1
C1=CC=C(C=C1)C=CC=O,19.4,12.4,6.2,O=CC=Cc1ccccc1
C1=CC=C(C=C1)C=CC(=O)O,19.1,3.9,10.6,O=C(O)C=Cc1ccccc1
C1=CC=C(C=C1)C=CCO,19.1,6,13,OCC=Cc1ccccc1
CC1(C2CCC(O1)(CC2)C)C,16.7,4.6,3.4,CC12CCC(CC1)C(C)(C)O2
CC1=CC(=O)OC1=O,19.2,17,11.2,CC1=CC(=O)OC1=O
COC1=C(C=CC(=C1)C=CCO)O,19,7,16.3,COc1cc(C=CCO)ccc1O
C1=CC=C2C(=C1)C=CC(=O)O2,20,12.5,6.7,O=c1ccc2ccccc2o1
C1=CC(=CC=C1C=CCO)O,19.1,7,17.3,OCC=Cc1ccc(O)cc1
CC1=CC(=CC=C1)O,18,5.1,12.9,Cc1cccc(O)c1
CC=CC=O,16.2,14.9,7.4,CC=CC=O
CC=CC(=O)O,16.8,8.7,12,CC=CC(=O)O
C1C=CC(=O)O1,19,19.8,9.6,O=C1C=CCO1
CC=CC#N,16.4,18.8,5.5,CC=CC#N
C(#N)N,15.5,27.6,16.8,N#CN
C(#N)C#N,15.1,11.8,0,N#CC#N
C(#N)Br,18.3,15.2,0,N#CBr
C(#N)Cl,15.6,14.5,0,N#CCl
C1CC(=O)C1,18.3,11.4,5.2,O=C1CCC1
C1CCCCC(=O)CCCC1,16.8,8,4.1,O=C1CCCCCCCCC1
C1CCCC(=O)CC1,17.2,10.6,4.8,O=C1CCCCCC1
C1CCCCC1,16.8,0,0.2,C1CCCCC1
C1CCC(C(C1)O)O,17.4,9.8,18.3,OC1CCCCC1O
C1CCC(=O)C(=O)C1,18.6,10.3,8,O=C1CCCCC1=O
C1CCC(CC1)O,17.4,4.1,13.5,OC1CCCCC1
C1CCC(=O)CC1,17.8,6.3,5.1,O=C1CCCCC1
C1CCC=CC1,17.2,1,5,C1=CCCCC1
CC1CC(C(=O)C(C1)C(CC2CC(=O)NC(=O)C2)O)C,18.3,11,13.8,CC1CC(C)C(=O)C(C(O)CC2CC(=O)NC(=O)C2)C1
C1CCC(CC1)C2=CC=CC=C2,18.7,0,1,c1ccc(C2CCCCC2)cc1
C1CCC(CC1)N2CCCC2=O,18.2,6.8,6.5,O=C1CCCN1C1CCCCC1
C1CCC(CC1)N,17.2,3.1,6.5,NC1CCCCC1
C1CCC(CC1)Cl,17.3,5.5,2,ClC1CCCCC1
C1CCCC(=O)CCC1,17,9.6,4.5,O=C1CCCCCCC1
C1C=CC=C1,17.2,1.9,6.1,C1=CCC=C1
C1CCCC1,16.4,0,1.8,C1CCCC1
C1CCC(=O)C1,17.9,11.9,5.2,O=C1CCCC1
C1CC=CC1,16.7,3.8,1.7,C1=CCCC1
C1CC(C=C1)O,18.1,7.6,15.6,OC1C=CCC1
C1C=C1,17.2,2.4,2,C1=CC1
C1CC1,17.6,0,0,C1CC1
CC(=O)C1CC1,17,11.1,4.6,CC(=O)C1CC1
C1CC1C#N,18.6,16.2,5.7,N#CC1CC1
CC1(C2CCC1(C(=O)C2)C)C,17.8,9.4,4.7,CC12CCC(CC1=O)C2(C)C
C1=CC(=CC=C1C(C2=CC=C(C=C2)Cl)C(Cl)(Cl)Cl)Cl,20,5.5,3.1,Clc1ccc(C(c2ccc(Cl)cc2)C(Cl)(Cl)Cl)cc1
C1CCC2CCCCC2C1,18.8,0,0,C1CCC2CCCCC2C1
C1CCC2CCCCC2C1,18,0,0,C1CCC2CCCCC2C1
CCCCCCCCCC,15.7,0,0,CCCCCCCCCC
CCCCCCCCCCO,16,4.7,10,CCCCCCCCCCO
CCCCCCCCC(C)O,15.8,3.9,10,CCCCCCCCC(C)O
CCCCCCCCC=C,15.8,1,2.2,C=CCCCCCCCC
CCCCOC(=O)C=CC(=O)OCCCC,16.7,3,6.7,CCCCOC(=O)C=CC(=O)OCCCC
CC1=CC=C(C=C1)S(=O)C2=CC=C(C=C2)C,20.3,11.4,3.1,Cc1ccc(S(=O)c2ccc(C)cc2)cc1
C(CCl)OCCCl,18.8,9,5.7,ClCCOCCCl
CCCCC(CC)CNCC(CC)CCCC,15.6,0.8,3.2,CCCCC(CC)CNCC(CC)CCCC
CC(C)CC(CC(C)C)O,14.9,3.1,10.8,CC(C)CC(O)CC(C)C
CC(C)CC(=O)CC(C)C,16,3.7,4.1,CC(C)CC(=O)CC(C)C
CCC(C)S(=O)C(C)CC,16.3,10.5,6.1,CCC(C)S(=O)C(C)CC
CC(C)CCCCCCCOC(=O)C1=CC=CC=C1C(=O)OCCCCCCCC(C)C,16.6,6.2,2.6,CC(C)CCCCCCCOC(=O)c1ccccc1C(=O)OCCCCCCCC(C)C
CC(C)CCCCCCOC(=O)C1=CC=CC=C1C(=O)OCCCCCCC(C)C,16.6,6.6,2.9,CC(C)CCCCCCOC(=O)c1ccccc1C(=O)OCCCCCCC(C)C
CC(C)OP(=O)(C)OC(C)C,16.4,10,5.7,CC(C)OP(C)(=O)OC(C)C
CC(C)OP(=O)(OC(C)C)F,15.7,10.2,5.9,CC(C)OP(=O)(F)OC(C)C
CCCCOCCCC,15.2,3.4,4.2,CCCCOCCCC
CCCCS(=O)CCCC,16.4,10.5,6.1,CCCCS(=O)CCCC
CCCCCOCCCCC,15.6,3.1,3,CCCCCOCCCCC
CCCOCCC,15.1,4.2,3.7,CCCOCCC
CCCS(=O)CCC,17,13,7.4,CCCS(=O)CCC
CC(=O)CC(C)(C)O,15.8,8.2,10.8,CC(=O)CC(C)(C)O
C=CCNCC=C,15.6,4.5,6.7,C=CCNCC=C
C=CCOCC=C,15.3,4.4,5.3,C=CCOCC=C
C=[N+]=[N-],14.7,6.1,11.3,C=[N+]=[N-]
COC(=O)CCC(=O)OC,16.2,4.7,8.4,COC(=O)CCC(=O)OC
C1=CC=C(C=C1)COCC2=CC=CC=C2,19.6,3.4,5.2,c1ccc(COCc2ccccc2)cc1
C1=CC=C(C=C1)COC(=O)CCCCCCCCC(=O)OCC2=CC=CC=C2,17.8,2.2,5.5,O=C(CCCCCCCCC(=O)OCc1ccccc1)OCc1ccccc1
C(Br)Br,17.8,6.4,7,BrCBr
C1=CC=C(C(=C1)Br)Br,20.7,6.5,5.3,Brc1ccccc1Br
CC(Br)Br,18.5,8.4,8.8,CC(Br)Br
C(=CBr)Br,18,4.9,3,BrC=CBr
CCCCNCCCC,15,3,4.3,CCCCNCCCC
CCCCN(CCCC)C=O,15.5,8.9,6.2,CCCCN(C=O)CCCC
CCCCC(=O)CCCC,16,7.7,4.4,CCCCC(=O)CCCC
CCCCOC(=O)C=CC(=O)OCCCC,16.5,6.1,7.2,CCCCOC(=O)C=CC(=O)OCCCC
CCCCOC(=O)C1=CC=CC=C1C(=O)OCCCC,17.8,8.6,4.1,CCCCOC(=O)c1ccccc1C(=O)OCCCC
CCCCOC(=O)CCCCCCCCC(=O)OCCCC,16.7,4.5,4.1,CCCCOC(=O)CCCCCCCCC(=O)OCCCC
C(CCl)CCl,18.6,8.2,3,ClCCCCl
CC([N+](=O)[O-])(Cl)Cl,16.8,12.1,4.3,CC(Cl)(Cl)[N+](=O)[O-]
C=C(C(=C)Cl)Cl,17.1,2.3,2.8,C=C(Cl)C(=C)Cl
CC(=CCCl)Cl,16.9,7.8,2.7,CC(Cl)=CCCl
C(C=CCCl)Cl,17.8,7.6,2,ClCC=CCCl
C1=CC(=C(C(=C1)Cl)F)Cl,19.4,9.1,2.7,Fc1c(Cl)cccc1Cl
C(C(CCl)O)Cl,17.5,9.9,14.6,OC(CCl)CCl
C1=CC(=C(C(=C1[N+](=O)[O-])Cl)F)Cl,19.9,7.2,4.2,O=[N+]([O-])c1ccc(Cl)c(F)c1Cl
C1=C(C(=CC(=C1[N+](=O)[O-])Cl)Cl)C(F)(F)F,19.9,7.6,3.7,O=[N+]([O-])c1cc(C(F)(F)F)c(Cl)cc1Cl
C(=O)C(Cl)Cl,16.7,9.1,7.5,O=CC(Cl)Cl
C(C(=O)O)(Cl)Cl,18.2,8.1,12.2,O=C(O)C(Cl)Cl
CC(=O)C(Cl)Cl,17.1,7.6,5.4,CC(=O)C(Cl)Cl
C(#N)C(Cl)Cl,17.4,9.4,6.4,N#CC(Cl)Cl
C1=CC(=C(C=C1Cl)Cl)N,20.9,6.2,10,Nc1ccc(Cl)cc1Cl
COC1=C(C=CC=C1Cl)Cl,19.8,8.4,6.5,COc1c(Cl)cccc1Cl
C1=CC(=C(C=C1Cl)Cl)C=O,19.7,8.8,5.4,O=Cc1ccc(Cl)cc1Cl
C1=CC=C(C(=C1)Cl)Cl,19.2,6.3,3.3,Clc1ccccc1Cl
C1=CC(=CC=C1Cl)Cl,19.7,5.6,2.7,Clc1ccc(Cl)cc1
C1=CC(=CC(=C1)Cl)Cl,19.7,5.1,2.7,Clc1cccc(Cl)c1
C1=CC(=C(C=C1Cl)C(F)(F)F)Cl,20,4.7,2.4,FC(F)(F)c1cc(Cl)ccc1Cl
C(CCCl)CCl,18.3,7.7,2.8,ClCCCCCl
C(F)(F)(Cl)Cl,12.3,2,0,FC(F)(Cl)Cl
CC(Cl)Cl,16.5,7.8,3,CC(Cl)Cl
C=C(Cl)Cl,16.4,5.2,2.4,C=C(Cl)Cl
C(=CCl)Cl,17,8,3.2,ClC=CCl
C(CCl)NCCCl,16.8,7.6,7.7,ClCCNCCCl
COC(Cl)Cl,17.1,12.9,6.5,COC(Cl)Cl
C(F)(Cl)Cl,15.8,3.1,5.7,FC(Cl)Cl
C1=CC(=C(C(=C1)Cl)Cl)[N+](=O)[O-],19.7,12.6,4.4,O=[N+]([O-])c1cccc(Cl)c1Cl
C1=CC(=C(C=C1[N+](=O)[O-])Cl)Cl,20.1,7.2,4.1,O=[N+]([O-])c1ccc(Cl)c(Cl)c1
C1=CC(=C(C=C1Cl)Cl)[N+](=O)[O-],20.4,8.7,4.2,O=[N+]([O-])c1ccc(Cl)cc1Cl
C(CCCl)CCCl,19,7.8,1.5,ClCCCCCCl
C1=CC(=C(C=C1Cl)O)Cl,20,6.3,12.1,Oc1cc(Cl)ccc1Cl
C1=CC(=C(C(=C1)Cl)O)Cl,20.1,7.5,10.9,Oc1c(Cl)cccc1Cl
C1=CC(=C(C=C1Cl)Cl)O,20,7.2,13.1,Oc1ccc(Cl)cc1Cl
C1=CC(=C(C=C1CC#N)Cl)Cl,20.5,10.8,4.4,N#CCc1ccc(Cl)c(Cl)c1
CCC(Cl)Cl,16.1,7.8,3.5,CCC(Cl)Cl
C(C(CCl)Cl)O,17.5,9.2,14.6,OCC(Cl)CCl
C=C(CCl)Cl,16.2,7.8,3,C=C(Cl)CCl
CC=C(Cl)Cl,16.9,6.7,2.9,CC=C(Cl)Cl
CC(=CCl)Cl,17,8.5,2.9,CC(Cl)=CCl
C(C(F)(F)Cl)(F)(F)Cl,12.6,1.8,0,FC(F)(Cl)C(F)(F)Cl
CC1=CC(=C(C=C1)Cl)Cl,19.8,9.8,2.5,Cc1ccc(Cl)c(Cl)c1
CCOC(=CCl)Cl,16.9,10.5,6,CCOC(Cl)=CCl
C(CO)NCCO,17.2,10.8,21.2,OCCNCCO
CCOC(C)OCC,15,3.4,4,CCOC(C)OCC
CCOC(C)OCC,15.2,5.4,5.3,CCOC(C)OCC
CCOC1CCC(O1)OCC,16.6,6.4,7.3,CCOC1CCC(OCC)O1
CCN(CC)C(=O)C,16.4,11.3,7.5,CCN(CC)C(C)=O
CCNCC,14.9,2.3,6.1,CCNCC
CCNCC,16,20.3,18.4,CCNCC
CCC1=CC=C(C=C1)CC,18,0,0.6,CCc1ccc(CC)cc1
CCC1=CC=CC=C1CC,17.7,0.1,1,CCc1ccccc1CC
CCOC(=O)OCC,15.1,6.3,3.5,CCOC(=O)OCC
CCN(CC)CCO,16,20.3,18.4,CCN(CC)CCO
CCOCC,14.5,2.9,5.1,CCOCC
CCN(CC)C=O,16.4,11.4,9.2,CCN(C=O)CC
CCC(=O)CC,15.8,7.6,4.7,CCC(=O)CC
CCOC(=O)CC(=O)OCC,16.1,7.7,8.3,CCOC(=O)CC(=O)OCC
CCOC(=O)C(=O)OCC,16.2,8,8.8,CCOC(=O)C(=O)OCC
CCOC(=O)C1=CC=CC=C1C(=O)OCC,17.6,9.6,4.5,CCOC(=O)c1ccccc1C(=O)OCC
CCOS(=O)(=O)OCC,15.7,14.7,7.1,CCOS(=O)(=O)OCC
CCSCC,16.8,3.1,2,CCSCC
CCN(CC)CCO,14.9,5.8,12,CCN(CC)CCO
CCSSCC,16.7,6.7,5.7,CCSSCC
C(COCCO)O,16.6,12,20.7,OCCOCCO
CCCCOCCOCCOC(=O)C,16,4.1,8.2,CCCCOCCOCCOC(C)=O
CCOCCOCCOCC,15.8,5.9,5.6,CCOCCOCCOCC
C=COCCOCCOC=C,16,7.3,7.9,C=COCCOCCOC=C
CCCCCCOCCOCCO,16,6,10,CCCCCCOCCOCCO
CCCCOCCOCCO,16,7,10.6,CCCCOCCOCCO
CCOCCOCCO,16.1,9.2,12.2,CCOCCOCCO
CCOCCOCCOC(=O)C,16.2,5.1,9.2,CCOCCOCCOC(C)=O
COCCOCCO,16.2,7.8,12.6,COCCOCCO
CCCOCCOCCO,16,7.2,11.3,CCCOCCOCCO
C(CNCCN)N,16.7,13.3,14.3,NCCNCCN
C1=CC=C(C(=C1)F)F,18,9,1,Fc1ccccc1F
C1=CC(=C(C(=C1)F)C#N)F,18.8,11.2,3.2,N#Cc1c(F)cccc1F
C1=C(C=C(C=C1F)F)C#N,18.8,11.2,3.2,N#Cc1cc(F)cc(F)c1
CC(F)F,14.9,10.2,3,CC(F)F
C=C(F)F,15,6.8,3.6,C=C(F)F
C1=CC(=C(C=C1F)F)[N+](=O)[O-],19.4,11,3.7,O=[N+]([O-])c1ccc(F)cc1F
CCCCCCOCCCCCC,16,3,2.8,CCCCCCOCCCCCC
CCCCCCOC(=O)C1=CC=CC=C1C(=O)OCCCCCC,17,7.6,3.6,CCCCCCOC(=O)c1ccccc1C(=O)OCCCCCC
C1CC=COC1,17.5,5.5,5.7,C1=COCCC1
C1=CC(=CC=C1O)O,21,10.2,27.2,Oc1ccc(O)cc1
C1=CC=C(C(=C1)O)O,20,11.3,21.8,Oc1ccccc1O
CC(C)COC(=O)CCCCC(=O)OCC(C)C,16.7,2.5,6.2,CC(C)COC(=O)CCCCC(=O)OCC(C)C
CC(C)NC(C)C,14.8,1.7,3.5,CC(C)NC(C)C
C=C1CC(=O)O1,16.2,15.1,8.1,C=C1CC(=O)O1
CC(CCOC)OC,15.6,5.5,5.2,COCCC(C)OC
CC(OC)OC,15.1,4.9,4.9,COC(C)OC
COC1=C(C(=CC=C1)OC)O,19.3,7.6,13.7,COc1cccc(OC)c1O
COC1=CC=CC=C1OC,19.2,4.4,9.4,COc1ccccc1OC
COC1CCC(O1)OC,16.8,7.2,8.2,COC1CCC(OC)O1
CC(=O)N(C)C,16.8,11.5,10.2,CC(=O)N(C)C
CC#CC,15.1,3.4,7.6,CC#CC
CNC,15.3,4.8,11.2,CNC
COC(=O)OC,15.5,3.9,9.7,COC(=O)OC
COCCOC,15.4,6,6,COCCOC
CC(=O)C(=O)C,15.7,5.3,11.7,CC(=O)C(C)=O
CN(C)CCO,16.1,9.2,15.3,CN(C)CCO
CN(C)CCO,16.8,19.8,19.8,CN(C)CCO
CN(C)CCO,17.2,21.5,22.5,CN(C)CCO
CN(C)CCO,17.2,18.8,17.6,CN(C)CCO
CN(C)CCO,17.2,21.5,22.5,CN(C)CCO
CN(C)CCO,17.2,21.5,22.5,CN(C)CCO
COC,15.2,6.1,5.7,COC
CN(C)C=O,17.4,13.7,11.3,CN(C)C=O
CN(C)N,15.3,5.9,11,CN(C)N
COC(=O)C=CC(=O)OC,16.3,8.3,9.8,COC(=O)C=CC(=O)OC
COP(=O)(C)OC,16.7,13.1,7.5,COP(C)(=O)OC
CC1=C(C(=CC=C1)C)O,19.1,4.9,12.9,Cc1cccc(C)c1O
CC1=C(C=C(C=C1)O)C,19.2,6,13.4,Cc1ccc(O)cc1C
COC(=O)C1=CC=CC=C1C(=O)OC,18.6,10.8,4.9,COC(=O)c1ccccc1C(=O)OC
CC1=CC=C(N1)C,18.3,7.6,6.8,Cc1ccc(C)[nH]1
COC(=O)CCCCCCCCC(=O)OC,16.6,2.9,6.7,COC(=O)CCCCCCCCC(=O)OC
COS(=O)(=O)OC,17.7,17,9.7,COS(=O)(=O)OC
CS(=O)(=O)C,19,19.4,12.3,CS(C)(=O)=O
CS(=O)C,18.4,16.4,10.2,CS(C)=O
CC(C)C(=C)C,14.9,1.2,2.8,C=C(C)C(C)C
CC(C)(C)CO,15.6,6.5,13.5,CC(C)(C)CO
CC1=CC(=C(C=C1)N)C,19.2,5.2,8.7,Cc1ccc(N)c(C)c1
C1=C(C=C(C=C1[N+](=O)[O-])O)[N+](=O)[O-],19.5,12.9,14.4,O=[N+]([O-])c1cc(O)cc([N+](=O)[O-])c1
C1=CC=C(C(=C1)[N+](=O)[O-])[N+](=O)[O-],20.6,22.7,5.4,O=[N+]([O-])c1ccccc1[N+](=O)[O-]
C1=CC(=C(C=C1O)[N+](=O)[O-])[N+](=O)[O-],19.5,12.8,14.3,O=[N+]([O-])c1ccc(O)cc1[N+](=O)[O-]
CC1=C(C=C(C=C1)[N+](=O)[O-])[N+](=O)[O-],20,13.1,4.9,Cc1ccc([N+](=O)[O-])cc1[N+](=O)[O-]
CCCCCCCCOC(=O)CCCCC(=O)OCCCCCCCC,16.7,2,5.1,CCCCCCCCOC(=O)CCCCC(=O)OCCCCCCCC
CCCCCCCCOC(=O)C1=CC=CC=C1C(=O)OCCCCCCCC,16.6,7,3.1,CCCCCCCCOC(=O)c1ccccc1C(=O)OCCCCCCCC
C1COCCO1,19,1.8,7.4,C1COCCO1
C1COCO1,18.1,6.6,9.3,C1COCO1
CC1=CCC(CC1)C(=C)C,17.2,1.8,4.3,C=C(C)C1CC=C(C)CC1
C1=CC=C(C=C1)C#CC2=CC=CC=C2,20.1,0,3.2,C(#Cc1ccccc1)c1ccccc1
C1=CC=C(C=C1)OC2=CC=CC=C2,19.5,3.4,5.8,c1ccc(Oc2ccccc2)cc1
C1=CC=C(C=C1)S(=O)(=O)C2=CC=CC=C2,21.1,14.4,3.4,O=S(=O)(c1ccccc1)c1ccccc1
C1=CC=C(C=C1)NC2=CC=CC=C2,20,3.3,5.9,c1ccc(Nc2ccccc2)cc1
C1=CC=C(C=C1)CC2=CC=CC=C2,19.5,1,1,c1ccc(Cc2ccccc2)cc1
CCCNCCC,15.3,1.4,4.1,CCCNCCC
CCCC(=O)CCC,15.8,5.7,4.9,CCCC(=O)CCC
CC(CO)OCC(C)OC,15.5,5.7,11.2,COC(C)COC(C)CO
CC(COC)OCC(C)OC(=O)C,16.3,4.9,8,COCC(C)OCC(C)OC(C)=O
CSSC,17.3,7.8,6.5,CSSC
CCCCCCCCCCCCCOC(=O)C1=CC=CC=C1C(=O)OCCCCCCCCCCCCC,16.6,5.4,1.9,CCCCCCCCCCCCCOC(=O)c1ccccc1C(=O)OCCCCCCCCCCCCC
C=CC1=CC=C(C=C1)C=C,18.6,1,7,C=Cc1ccc(C=C)cc1
CCCCCCCCCCCC,16,0,0,CCCCCCCCCCCC
CCCCCCCCCCCCO,16,4,9.3,CCCCCCCCCCCCO
C1=CC(=C(C=C1CCN)O)O,18.2,10.3,19.5,NCCc1ccc(O)c(O)c1
CC(CC1=CC2=C(C=C1)OCO2)NC,18,5.1,6.1,CNC(C)Cc1ccc2c(c1)OCO2
CCCCCCCCCCCCCCCCCCCC,16.5,0,0,CCCCCCCCCCCCCCCCCCCC
C1C(O1)CCl,18.9,7.6,6.6,ClCC1CO1
CCC1CO1,15.6,8,4.6,CCC1CO1
C=CC1CO1,16.6,7.7,7.4,C=CC1CO1
C1CCC(=O)NCC1,19.4,13.8,3.9,O=C1CCCCCN1
C(CS)S,17.9,7.2,8.7,SCCS
CCS(=O)(=O)Cl,17.7,14.9,6.8,CCS(=O)(=O)Cl
CCS,15.7,6.5,7.1,CCS
CCO,15.8,8.8,19.4,CCO
C(CO)N,17,15.5,21.2,NCCO
C(CO)N,17.2,20.3,18.4,NCCO
CCOC(=O)C,15.8,5.3,7.2,CCOC(C)=O
CCOC(=O)CC(=O)C,16.5,10.8,8.3,CCOC(=O)CC(C)=O
CCC#C,15.1,3.4,5,C#CCC
CCOC(=O)C=C,15.5,7.1,5.5,C=CC(=O)OCC
CCN,15,5.6,10.7,CCN
CCCCCC(=O)CC,16.2,4.5,4.1,CCCCCC(=O)CC
CCC1=CC=CC=C1,17.8,0.6,1.4,CCc1ccccc1
CCOC(=O)C1=CC=CC=C1,17.9,6.2,6,CCOC(=O)c1ccccc1
CCBr,16.5,8.4,2.3,CCBr
CCCCC(=O)CC,16.2,5,4.1,CCCCC(=O)CC
CCCC(=O)OCC,15.5,5.6,5,CCCC(=O)OCC
CCCCCC(=O)OCC,15.5,3.2,5.9,CCCCCC(=O)OCC
CCOC(=O)N,16.8,10.1,13,CCOC(N)=O
CC[N+]#C,15.6,15.2,5.8,C#[N+]CC
CCCl,15.7,6.1,2.9,CCCl
CCOC(=O)Cl,15.5,10,6.7,CCOC(=O)Cl
CCOC(=O)C=CC1=CC=CC=C1,18.4,8.2,4.1,CCOC(=O)C=Cc1ccccc1
CCC(=CC)C=O,16.1,8,5.5,CC=C(C=O)CC
CCOC(=O)CC#N,16.7,7.9,8.3,CCOC(=O)CC#N
CCOC(=O)C(=C)C#N,15.2,10.3,9,C=C(C#N)C(=O)OCC
CCOC#C,15.4,7.9,5.9,C#COCC
CCNC=O,17.2,10,14,CCNC=O
CCOC=O,15.5,8.4,8.4,CCOC=O
CCCCC(CC)COC(=O)C,15.8,2.9,5.1,CCCCC(CC)COC(C)=O
CCOCl,15.7,8.6,6.5,CCOCl
CCI,17.3,7.9,7.2,CCI
CCN=C=O,15.4,12,2.5,CCN=C=O
CCOC(C)C,14.8,3.5,5.1,CCOC(C)C
CCN=C=S,17.2,14.7,9,CCN=C=S
CCOC(=O)C(C)O,16,7.6,12.5,CCOC(=O)C(C)O
CCOC(=O)C(=C)C,15.8,7.2,7.5,C=C(C)C(=O)OCC
CCN1CCOCC1,17.7,5,6.6,CCN1CCOCC1
CCCCCCCCC=CCCCCCCCC(=O)OCC,14.5,3.8,3.7,CCCCCCCCC=CCCCCCCCC(=O)OCC
CCC1=CC=C(C=C1)O,19.2,5.3,12.8,CCc1ccc(O)cc1
CCC(=O)OCC,15.5,6.1,4.9,CCOC(=O)CC
CCSC#N,15.4,13.4,5.4,CCSC#N
CCC(=C)OCC,15.3,4.2,4.6,C=C(CC)OCC
CCOC=C,14.9,4.9,5.6,C=COCC
CCC(=O)C=C,15.8,11.3,4.5,C=CC(=O)CC
CCC(CC)CO,15.8,4.3,13.5,CCC(CC)CO
CCC(=C)CC,14.9,1.7,3.5,C=C(CC)CC
CCOC#CC,15.9,6.4,5.4,CC#COCC
CCC(=C)C=C,15.3,1.6,3.8,C=CC(=C)CC
CCN1CCCC1=O,18,12,7,CCN1CCCC1=O
CCCCC(CC)CO,15.9,3.3,11.8,CCCCC(CC)CO
C=C,15,2,3.8,C=C
C1COC(=O)O1,19.4,21.7,5.1,O=C1OCCO1
C(CCl)O,16.9,8.8,17.2,OCCCl
C(CO)C#N,17.2,18.8,17.6,N#CCCO
C(CBr)Br,19.2,3.5,8.6,BrCCBr
C(CCl)Cl,19,7.4,4.1,ClCCCl
C(CO[N+](=O)[O-])O[N+](=O)[O-],16.2,13,4.5,O=[N+]([O-])OCCO[N+](=O)[O-]
C(CO)O,17,11,26,OCCO
CCCCOCCOC(=O)C,15.3,4.5,8.8,CCCCOCCOC(C)=O
CCCCOCCOCC,15.3,4.9,4.6,CCCCOCCOCC
CC(=O)OCCOC(=O)C,16.2,4.7,9.8,CC(=O)OCCOC(C)=O
CCCCOCCOCCCC,15.7,4.5,4.2,CCCCOCCOCCCC
CCOCCOCC,15.4,5.4,5.2,CCOCCOCC
COCCOC,15.4,6.3,6,COCCOC
C1=CC=C(C=C1)COCCO,17.8,5.9,12.2,OCCOCc1ccccc1
CCOCCOC(=O)C=C,15.9,5.1,9.3,C=CC(=O)OCCOCC
CCCCCCOCCO,16,5,11.4,CCCCCCOCCO
CCCOCCO,16.1,8.7,13.5,CCCOCCO
CC(C)(C)OCCO,15.3,6.1,10.8,CC(C)(C)OCCO
CCCCOCCO,16,5.1,12.3,CCCCOCCO
CCOCCO,16.2,9.2,14.3,CCOCCO
CCOCCOC(=O)C,15.9,4.7,10.6,CCOCCOC(C)=O
CC(C)COCCO,15.2,4.9,9.6,CC(C)COCCO
CC(C)OCCO,16,8.2,13.1,CC(C)OCCO
COCCO,16.2,9.2,16.4,COCCO
CC(=O)OCCOC,15.9,5.5,11.6,COCCOC(C)=O
C1=CC=C(C=C1)OCCO,17,7.2,12.3,OCCOc1ccccc1
CS(=O)(=O)OCCOS(=O)(=O)C,16.9,9.3,9.6,CS(=O)(=O)OCCOS(C)(=O)=O
C1CO1,15.6,10,11,C1CO1
C1CS1,19.3,9,6.5,C1CS1
C(CN)N,16.6,8.8,17,NCCN
C1CN1,18.6,9.8,7.7,C1CN1
CCCCC(CC)CN,15.7,4.2,6.1,CCCCC(CC)CN
CC=CC(=O)C,16.2,12.1,4.5,CC=CC(C)=O
COC1=C(C=CC(=C1)CC=C)O,19,7.5,13,C=CCc1ccc(O)c(OC)c1
COC1=C(C=CC(=C1)C=CC(=O)O)O,19,6.6,15.1,COc1cc(C=CC(=O)O)ccc1O
C1C2=CC=CC=C2C3=CC=CC=C31,20,1.7,1.7,c1ccc2c(c1)Cc1ccccc1-2
C1=CC(=C(C=C1F)C=O)Cl,19.4,7.2,3.7,O=Cc1cc(F)ccc1Cl
COC1=CC=C(C=C1)F,18.7,7.3,6.7,COc1ccc(F)cc1
C1=CC=C(C=C1)F,18.7,6.1,2,Fc1ccccc1
C=CF,15.2,7,1,C=CF
CF,13.4,10.6,9.5,CF
C=CC(=C)F,14.2,5.8,1,C=CC(=C)F
CCC(=O)C1=CC=C(C=C1)F,19.6,7.1,3.5,CCC(=O)c1ccc(F)cc1
C=O,12.8,14.4,15.4,C=O
C(=O)N,17.2,26.2,19,NC=O
C(=O)O,14.3,11.9,16.6,O=CO
C(=O)F,15,10.1,8.6,O=CF
C1CCCN(CC1)C=O,18.5,10.4,7.6,O=CN1CCCCCC1
C1CCN(CC1)C=O,18.7,10.6,7.8,O=CN1CCCCC1
C(=CC#N)C#N,16.7,13.6,7.8,N#CC=CC#N
C1=COC=C1,17.8,1.8,5.3,c1ccoc1
C1=COC(=C1)C=O,18.6,14.9,5.1,O=Cc1ccco1
C1=COC(=C1)CO,17.4,7.6,15.1,OCc1ccco1
C1=COC(=C1)C#N,18.4,15,8.2,N#Cc1ccco1
C(C(CO)O)O,17.4,12.1,29.3,OCC(O)CO
C1C(O1)C=O,17.5,13.4,9.8,O=CC1CO1
C1C(O1)CO,18.2,9,17.9,OCC1CO1
CC(=C)C(=O)OCC1CO1,16.3,8.5,5.7,C=C(C)C(=O)OCC1CO1
C(=O)C=O,15,17,13.3,O=CC=O
CCCCCCC,15.3,0,0,CCCCCCC
CCCCCCCO,16,5.3,11.7,CCCCCCCO
CCCCCC(C)O,15.7,5.4,11.7,CCCCCC(C)O
CCCCC(CC)O,15.9,5.4,11.7,CCCCC(O)CC
CCCCCC=C,15,1.1,2.6,C=CCCCCC
CCCCCCCOC(=O)C,15.8,2.9,5.5,CCCCCCCOC(C)=O
C(=O)(C(Cl)(Cl)Cl)C(Cl)(Cl)Cl,18.3,0,0,O=C(C(Cl)(Cl)Cl)C(Cl)(Cl)Cl
C1(=C(C(=C(C(=C1Cl)Cl)Cl)Cl)Cl)Cl,21.9,2.1,0,Clc1c(Cl)c(Cl)c(Cl)c(Cl)c1Cl
C(C(Cl)(Cl)Cl)(Cl)(Cl)Cl,22,4.7,0,ClC(Cl)(Cl)C(Cl)(Cl)Cl
CCCCCCCCCCCCCCCC,16.3,0,0,CCCCCCCCCCCCCCCC
C(=C(F)F)(C(=C(F)F)F)F,13.8,0,0,FC(F)=C(F)C(F)=C(F)F
C(C(F)(F)F)(C(F)(F)F)O,17.2,4.5,14.7,OC(C(F)(F)F)C(F)(F)F
C1(=C(C(=C(C(=C1F)F)F)F)F)F,16.9,0,0,Fc1c(F)c(F)c(F)c(F)c1F
CC1=C(C(=C(C(=C1C)C)C)C)C,19.2,1.6,0,Cc1c(C)c(C)c(C)c(C)c1C
C1N2CN3CN1CN(C2)C3,19.4,11.6,13.8,C1N2CN3CN1CN(C2)C3
CN(C)P(=O)(N(C)C)N(C)C,18.5,8.6,11.3,CN(C)P(=O)(N(C)C)N(C)C
CCCCCC=O,15.8,8.5,5.4,CCCCCC=O
CCCCCC,14.9,0,0,CCCCCC
CCCCCC(=O)O,15,4.1,9.4,CCCCCC(=O)O
CCCCCCO,15.9,5.8,12.5,CCCCCCO
CCCCC=C,14.7,1.1,0,C=CCCCC
CCCCCCOC(=O)C,15.8,2.9,5.9,CCCCCCOC(C)=O
CC(CC(C)(C)O)O,15.7,8.4,17.8,CC(O)CC(C)(C)O
CC(=O)OCCCCCCOC(=O)C,15.3,4.5,7.2,CC(=O)OCCCCCCOC(C)=O
NN,14.2,8.3,8.9,NN
C#N,12.3,17.6,9,C#N
OO,15.5,12.2,42.7,OO
C1=CC(=CC=C1C=O)O,19.4,15.2,14.5,O=Cc1ccc(O)cc1
C1=CC(=CC=C1C=CC(=O)O)O,19.1,6.7,15.9,O=C(O)C=Cc1ccc(O)cc1
C1COCC1O,18.9,9.4,16.3,OC1CCOC1
C=CC(=O)OCCO,16,13.2,13.4,C=CC(=O)OCCO
C1CC(=O)N(C1)CCO,18,9.2,15.7,O=C1CCCN1CCO
C1C=CC2=CC=CC=C21,18.7,2.6,9,C1=Cc2ccccc2C1
C1=CC=C2C(=C1)C=CN2,19.8,7.5,6.5,c1ccc2[nH]ccc2c1
C=C=CCI,17.4,6.3,6.2,C=C=CCI
C1=CC=C(C=C1)I,19.5,6,6.1,Ic1ccccc1
C(I)(I)I,20.2,3.6,10.6,IC(I)I
C=CC(=C)I,17.2,2.5,6.2,C=CC(=C)I
CC(C)CCOC(=O)C,15.3,3.1,7,CC(=O)OCCC(C)C
CC(C)CCO,15.8,5.2,13.3,CC(C)CCO
CCC(=O)OCCC(C)C,15.7,5.2,5.6,CCC(=O)OCCC(C)C
CC(C)COC(=O)C,15.1,3.7,6.3,CC(=O)OCC(C)C
CC(C)COC(=O)C=C,15.5,6.2,5,C=CC(=O)OCC(C)C
CC(C)CO,15.1,5.7,15.9,CC(C)CO
CC(C)COC=O,15.5,6.5,6.7,CC(C)COC=O
CC(C)COC(=O)C(C)C,15.1,2.9,5.9,CC(C)COC(=O)C(C)C
CC(C)CS(=O)CC(C)C,16.3,10.5,6.1,CC(C)CS(=O)CC(C)C
CC(=C)C,14.5,2,1.5,C=C(C)C
CC1(CO1)C,16.1,4.8,5.8,CC1(C)CO1
CC(C)C(=O)O,16.5,5.4,11.1,CC(C)C(=O)O
C(=N)=O,15.8,10.5,13.6,N=C=O
CC(C)CCCCCO,14.4,7.3,12.9,CC(C)CCCCCO
CCC(C)C,13.7,0,0,CCC(C)C
CC1=CC(=O)CC(C1)(C)C,16.6,8.2,7.4,CC1=CC(=O)CC(C)(C)C1
CC(=C)C=C,14.7,1.4,4.1,C=CC(=C)C
CC(C)OC(=O)C,14.9,4.5,8.2,CC(=O)OC(C)C
CC(C)N,14.8,4.4,6.6,CC(C)N
CC(C)Cl,15.9,8.3,2.1,CC(C)Cl
CC(C)OC(C)C,13.7,3.9,2.3,CC(C)OC(C)C
CCCCCCCCCCCCCCCC(=O)OC(C)C,14.3,3.9,3.7,CCCCCCCCCCCCCCCC(=O)OC(C)C
CC(C)CC=O,14.7,9.5,5,CC(C)CC=O
CC(C)CC(=O)O,16.4,4.1,10.7,CC(C)CC(=O)O
C1=CON=C1,18.8,13.4,11.2,c1cnoc1
C=C=O,15.4,7.3,5.8,C=C=O
CC(C(=O)O)O,17,8.3,28.4,CC(O)C(=O)O
CCCCCCCCCCCCOC(=O)C(=C)C,14.4,2.2,5.1,C=C(C)C(=O)OCCCCCCCCCCCC
C1=CC(=O)OC1=O,20.2,18.1,12.6,O=C1C=CC(=O)O1
C(C#N)C#N,17.7,18.4,6.7,N#CCC#N
CC1CCC2=C(C1)OC=C2C,17.2,4.6,5.6,Cc1coc2c1CCC(C)C2
CC1CCC(C(C1)O)C(C)C,16.6,4.7,10.6,CC1CCC(C(C)C)C(O)C1
CC1CCC(C(=O)C1)C(C)C,17,8.1,4.4,CC1CCC(C(C)C)C(=O)C1
CC1CCC(C(C1)OC(=O)C)C(C)C,16.8,4.7,4.9,CC(=O)OC1CC(C)CCC1C(C)C
CC(=CC(=O)C)C,16.4,6.1,6.1,CC(=O)C=C(C)C
CC1=CC(=CC(=C1)C)C,18,0,0.6,Cc1cc(C)cc(C)c1
CC(=C)C=O,15.7,11.1,7.4,C=C(C)C=O
CC(=C)C(=O)N,15.8,11,11.6,C=C(C)C(N)=O
CC(=C)C(=O)O,15.8,2.8,10.2,C=C(C)C(=O)O
CC(=C)C#N,15.8,15.1,5.4,C=C(C)C#N
CO,15.1,12.3,22.3,CO
CC(=O)C1=CC=C(C=C1)OC,18.9,11.2,7,COc1ccc(C(C)=O)cc1
COC1=CC=C(C=C1)C#N,19.4,16.7,5.4,COc1ccc(C#N)cc1
CC(CCO)OC,15.3,5.4,13.6,COC(C)CCO
COC=CC=C,15.5,8.3,5.4,C=CC=COC
COC1OCCO1,17.8,8.4,7.7,COC1OCCO1
COC1=CC=CC=C1[N+](=O)[O-],19.6,16.3,5.5,COc1ccccc1[N+](=O)[O-]
COC1=CC=CC=C1O,18,8.2,13.3,COc1ccccc1O
COCCC#N,16.6,14.4,7.8,COCCC#N
COCCCN,17.2,22.5,23.5,COCCCN
CC=CC(=O)O,16.8,5.2,12.4,CC=CC(=O)O
CC=COC,15,4.3,5.7,CC=COC
CC(=O)NC,16.9,18.7,13.9,CNC(C)=O
CC(=O)OC,15.5,7.2,7.6,COC(C)=O
CC(=O)CC(=O)OC,16.4,8.6,8.9,COC(=O)CC(C)=O
CC#C,15.1,3.8,9.2,C#CC
COC(=O)C=C,15.3,6.7,9.4,C=CC(=O)OC
CC=CCO,16,6,15.5,CC=CCO
CC(C=C)C#N,16.4,11.3,5.1,C=CC(C)C#N
CN,13,7.3,17.3,CN
CC(C)CC(C)OC(=O)C,15.2,3.1,6.8,CC(=O)OC(C)CC(C)C
COC(=O)C1=CC=CC=C1,18.9,8.2,4.7,COC(=O)c1ccccc1
CBr,17,8.8,2.6,CBr
CCCCC(=O)C,15.3,6.1,4.1,CCCCC(C)=O
CCl,15.3,6.1,3.9,CCl
COC(=O)Cl,16.3,9.5,8.5,COC(=O)Cl
COC(=O)CC#N,16.8,14.8,9.1,COC(=O)CC#N
CC1CCCCC1,16,0,1,CC1CCCCC1
CC1(CCCCC1)O,17.1,6.4,12.5,CC1(O)CCCCC1
CC1CCCC(C1)O,17.2,6.4,12.5,CC1CCCC(O)C1
CC1CCC(CC1)O,17.2,6.3,12.5,CC1CCC(O)CC1
CC1CCCCC1O,17.1,6.5,12.5,CC1CCCCC1O
CC1CCCC(=O)C1,17.7,6.3,4.7,CC1CCCC(=O)C1
CC1CCCCC1=O,17.6,6.3,4.7,CC1CCCCC1=O
CCOC,14.7,4.9,6.2,CCOC
CCC(=O)C,16,9,5.1,CCC(C)=O
CCC(=NO)C,14.7,4.9,7.8,CCC(C)=NO
CNC=O,17.4,18.8,15.9,CNC=O
COC=O,15.3,8.4,10.2,COC=O
CC1=CC=CO1,17.3,2.8,7.4,Cc1ccco1
COC(=O)C1=CC=CO1,17.4,6.9,9.7,COC(=O)c1ccco1
CC(=O)C=O,15.5,16.1,9.7,CC(=O)C=O
CNN,16.2,8.7,14.8,CNN
COO,15,15,30,COO
CN1C=CN=C1,19.7,15.6,11.2,Cn1ccnc1
CI,17.5,7.7,5.3,CI
CC(C)CCC(=O)C,16,5.7,4.1,CC(=O)CCC(C)C
CC(C)CC(C)O,15.4,3.3,12.3,CC(C)CC(C)O
CC(C)CC(=O)C,15.3,6.1,4.1,CC(=O)CC(C)C
CN=C=O,15.6,7.3,2.5,CN=C=O
CC(C)C(=O)C,15.9,12.1,4.5,CC(=O)C(C)C
CN=C=S,17.3,16.2,10.1,CN=C=S
CC1=NOC=C1,19.4,14.8,11.8,Cc1ccon1
CS,16.6,7.7,8.6,CS
CC(=C)C(=O)OC,15.8,6.5,5.4,C=C(C)C(=O)OC
C[N+]1(CCOCC1)[O-],19,16.1,10.2,C[N+]1([O-])CCOCC1
CCCCCC(=O)C,16.2,5.7,4.1,CCCCCC(C)=O
CCCC(=O)C,16,7.6,4.7,CCCC(C)=O
CC1=CC=CC2=CC=CC=C12,20.6,0.8,4.7,Cc1cccc2ccccc12
CO[N+](=O)[O-],15.8,14,4.8,CO[N+](=O)[O-]
CCCCCCCCC=CCCCCCCCC(=O)OC,14.5,3.9,3.7,CCCCCCCCC=CCCCCCCCC(=O)OC
CSC1=CC=CC=C1,19.6,4.8,4.7,CSc1ccccc1
CS(=O)(=O)C1=CC=CC=C1,20,16.9,7.8,CS(=O)(=O)c1ccccc1
CP(=O)(F)F,14,14,8.4,CP(=O)(F)F
CCC(=O)OC,15.5,6.5,7.7,CCC(=O)OC
CC1=NC=CN=C1,18.3,12.3,10.5,Cc1cnccn1
CN1CCCC1,17,2.8,6.9,CN1CCCC1
COC(=O)C1=CC=CC=C1O,18.1,8,13.9,COC(=O)c1ccccc1O
CC1=CC=CC=C1C=C,18.5,2.4,2.4,C=Cc1ccccc1C
CC1CCCO1,16.9,5,4.3,CC1CCCO1
CSC#N,17.3,15,6,CSC#N
CSC#N,17.4,15,8.7,CSC#N
COC=C,14.9,5.3,6.3,C=COC
CC(=O)C=C,15.6,12.5,5,C=CC(C)=O
CC(=C)OC,14.8,4.2,5.6,C=C(C)OC
CS(=O)(=O)C=C,16.8,19.6,4.8,C=CS(C)(=O)=O
CCC(C)CO,16,5.1,14.3,CCC(C)CO
CC(C)C=C,14,1.4,3.8,C=CC(C)C
CCC(=C)C,14.2,1.8,2.3,C=C(C)CC
CC=C(C=O)Cl,17.1,10.6,7.3,CC=C(Cl)C=O
CCCC(C)CO,15.8,4.9,13.5,CCCC(C)CO
CC(C)CO,15.1,5.7,15.9,CC(C)CO
CC(=C=C)C,15.1,2.5,4.5,C=C=C(C)C
CC1OCCO1,17.3,4.8,5.8,CC1OCCO1
CCC(C)(C)O,15.3,6.1,13.3,CCC(C)(C)O
CC(C)C(C)O,15.6,5.2,13.4,CC(C)C(C)O
CC=C(C)C,14.3,2,3.9,CC=C(C)C
CN1CCCC1=O,18,12.3,7.2,CN1CCCC1=O
CC1=CC=C(C=C1)S(=O)(=O)OC,19.6,15.3,3.8,COS(=O)(=O)c1ccc(C)cc1
CC1=CC=C(C=C1)C(=O)OC,19,6.5,3.8,COC(=O)c1ccc(C)cc1
CC(C)(C)OC,14.8,4.3,5,COC(C)(C)C
COCOC,15,1.8,8.6,COCOC
C1=CC(=CC=C1CC2=CC=C(C=C2)N=C=O)N=C=O,19.5,4.1,1.7,O=C=Nc1ccc(Cc2ccc(N=C=O)cc2)cc1
CNC1=CC=CC=C1,19.5,6,11.5,CNc1ccccc1
C(Cl)Cl,18.2,6.3,6.1,ClCCl
C(I)I,17.8,3.9,5.5,ICI
C1OC2=CC=CC=C2O1,19,6.7,5.9,c1ccc2c(c1)OCO2
C1COCCN1,18.8,4.9,9.2,C1COCCN1
C1COCCN1,17.2,20.3,18.4,C1COCCN1
CCN(CC)C(=S)N(CC)CC,17.3,6,10.5,CCN(CC)C(=S)N(CC)CC
C1=CC=C2C=CC=CC2=C1,1.8,5.9,181.8,c1ccc2ccccc2c1
C1=CC=C2C(=C1)C=CC=C2O,19.7,6.3,12.3,Oc1cccc2ccccc12
CN1CCCC1C2=CN=CC=C2,18.5,7.8,6.5,CN1CCCC1c1cccnc1
CC1=CC=C(C=C1)[N+](=O)[O-],20.1,9.6,3.9,Cc1ccc([N+](=O)[O-])cc1
CC(CO)[N+](=O)[O-],16.1,13.7,15.4,CC(CO)[N+](=O)[O-]
C1=CC(=CC(=C1)[N+](=O)[O-])N,21.2,18.7,10.3,Nc1cccc([N+](=O)[O-])c1
C1=CC=C(C=C1)[N+](=O)[O-],20,8.6,4.1,O=[N+]([O-])c1ccccc1
C1=CC(=CC=C1[N+](=O)[O-])Cl,20,8.8,3.9,O=[N+]([O-])c1ccc(Cl)cc1
CC[N+](=O)[O-],16,15.5,4.5,CC[N+](=O)[O-]
C=C[N+](=O)[O-],16.3,16.6,5,C=C[N+](=O)[O-]
C[N+](=O)[O-],15.8,18.8,5.1,C[N+](=O)[O-]
C1=CC(=CC=C1[N+](=O)[O-])O,20.4,20.9,15.1,O=[N+]([O-])c1ccc(O)cc1
CCC[N+](=O)[O-],16.6,12.3,5.5,CCC[N+](=O)[O-]
CC(C)[N+](=O)[O-],16.2,12.1,4.1,CC(C)[N+](=O)[O-]
C1=CC=C(C=C1)N=O,20,12.7,4,O=Nc1ccccc1
C1=CSC(=C1)[N+](=O)[O-],19.7,16.2,8.2,O=[N+]([O-])c1cccs1
CCCCCCCCC,15.7,0,0,CCCCCCCCC
C(CCCCO)CCCCO,15.7,7,15.1,OCCCCCCCCCO
CCCCCCCCCO,16,4.8,10.6,CCCCCCCCCO
CCCCCCCC=C,15.4,1,2.2,C=CCCCCCCC
CCCCCCCCCC1=CC=CC=C1O,16.5,4.1,9.2,CCCCCCCCCc1ccccc1O
CCCCCCCCCCCCCCCCCC,16.4,0,0,CCCCCCCCCCCCCCCCCC
CCCCCCCC,15.5,0,0,CCCCCCCC
CCCCCCCC(=O)O,15.1,3.3,8.2,CCCCCCCC(=O)O
CCCCCCCCO,16,5,11.9,CCCCCCCCO
CCCCCCC(C)O,16.1,4.9,11,CCCCCCC(C)O
CCCCCCC=C,15.3,1,2.4,C=CCCCCCC
CCCCCCCCOC(=O)C,15.8,2.9,5.1,CCCCCCCCOC(C)=O
CCCCCCCCC=CCCCCCCCC(=O)O,16,2.8,6.2,CCCCCCCCC=CCCCCCCCC(=O)O
CCCCCCCCC=CCCCCCCCCO,14.3,2.6,8,CCCCCCCCC=CCCCCCCCCO
C(=O)(C(=O)O)O,17,14.3,22,O=C(O)C(=O)O
C(=O)(C(=O)Cl)Cl,16.1,3.8,7.5,O=C(Cl)C(=O)Cl
C1COC1,18,9.1,5.4,C1COC1
[O-][O+]=O,19.8,4.2,0,O=[O+][O-]
CC(=O)NC1=CC=C(C=C1)O,17.8,10.5,13.9,CC(=O)Nc1ccc(O)cc1
CC1OC(OC(O1)C)C,16.6,7.5,7.3,CC1OC(C)OC(C)O1
C[N+]1=CC=C(C=C1)C2=CC=[N+](C=C2)C,19.5,8.8,5.9,C[n+]1ccc(-c2cc[n+](C)cc2)cc1
C(C(Cl)(Cl)Cl)(Cl)Cl,18.2,3.2,2.4,ClC(Cl)C(Cl)(Cl)Cl
C1(C(C1(Cl)Cl)(Cl)Cl)Cl,18.5,10.5,3.7,ClC1C(Cl)(Cl)C1(Cl)Cl
C1(=C(C(=C(C(=C1Cl)Cl)Cl)Cl)Cl)O,21.5,6.9,12.8,Oc1c(Cl)c(Cl)c(Cl)c(Cl)c1Cl
CC=CC=C,14.7,2.5,5,C=CC=CC
C1=CC=C(C=C1)C(=O)C2=C(C(=C(C(=C2F)F)F)F)F,19.3,8.1,5.4,O=C(c1ccccc1)c1c(F)c(F)c(F)c(F)c1F
C1CCSCC1,18.5,6.3,8.9,C1CCSCC1
CCCCC=O,15.7,9.4,5.8,CCCCC=O
CCCCC,14.5,0,0,CCCCC
CC(=O)CC(=O)C,17.1,9,4.1,CC(=O)CC(C)=O
CCCCC(=O)O,15,4.1,10.3,CCCCC(=O)O
CCCCCO,15.9,5.9,13.9,CCCCCO
CCCC(C)O,15.6,6.4,13.3,CCCC(C)O
C=CCCC=O,15.5,8.1,6.8,C=CCCC=O
CCCC=C,13.9,1.4,3.8,C=CCCC
CCCCCOC(=O)CC,15.8,5.2,5.7,CCCCCOC(=O)CC
C(C(C(C(F)(F)F)(F)F)(F)F)(C(C(C(F)(F)F)(F)F)(F)F)(F)F,12,0,0,FC(F)(F)C(F)(F)C(F)(F)C(F)(F)C(F)(F)C(F)(F)C(F)(F)F
C1(C(C(C(C(C1(F)F)(F)F)(F)F)(F)F)(F)F)(C(F)(F)F)F,12.4,0,0,FC(F)(F)C1(F)C(F)(F)C(F)(F)C(F)(F)C(F)(F)C1(F)F
C1=CC=C2C(=C1)C3=CC=CC=C3C(=O)C2=O,20.3,17.1,4.8,O=C1C(=O)c2ccccc2-c2ccccc21
CCOC1=CC=CC=C1,18.4,4.5,4,CCOc1ccccc1
C1=CC=C(C=C1)O,18,5.9,14.9,Oc1ccccc1
CC(C)(C1=CC=C(C=C1)O)C2=CC=C(C=C2)O,19.2,5.9,13.8,CC(C)(c1ccc(O)cc1)c1ccc(O)cc1
C1=CC(=CC=C1O)S(=O)(=O)C2=CC=C(C=C2)O,20,14.6,16.3,O=S(=O)(c1ccc(O)cc1)c1ccc(O)cc1
C1=CC=C(C=C1)OCCO,17.8,5.7,14.3,OCCOc1ccccc1
CC(=O)OC1=CC=CC=C1,19.8,5.2,6.4,CC(=O)Oc1ccccc1
C1=CC=C(C=C1)CC#N,19.5,12.3,3.8,N#CCc1ccccc1
C#CC1=CC=CC=C1,18.8,2.8,4,C#Cc1ccccc1
C1=CC=C(C=C1)CCO,19,5.8,12.8,OCCc1ccccc1
C1=CC=C(C=C1)NN,20.4,6.5,14,NNc1ccccc1
C(=O)(Cl)Cl,16.4,5.3,5.3,O=C(Cl)Cl
OP(=O)(O)O,14.7,18.6,26.8,O=P(O)(O)O
O=P(Cl)(Cl)Cl,18.1,9.3,0,O=P(Cl)(Cl)Cl
P(Cl)(Cl)Cl,18.4,3.6,0,ClP(Cl)Cl
C1=CC=C2C(=C1)C(=O)OC2=O,20.6,20.1,10.1,O=C1OC(=O)c2ccccc21
C1=C(C=C(C(=C1[N+](=O)[O-])O)[N+](=O)[O-])[N+](=O)[O-],19.2,7,6,O=[N+]([O-])c1cc([N+](=O)[O-])c(O)c([N+](=O)[O-])c1
CC(C)C(=C)C1(CCCC1)C=O,15.6,16.9,3,C=C(C(C)C)C1(C=O)CCCC1
C1CNCCN1,18.1,5.6,8,C1CNCCN1
C1CCNCC1,17.6,4.5,8.9,C1CCNCC1
C=C=C,15.3,3,6.8,C=C=C
CCC,13.4,0,0,CCC
C1COS(=O)(=O)C1,18.4,16,9,O=S1(=O)CCCO1
C(CO)CO,16.8,13.5,23.2,OCCCO
CC(C)S,16.3,6.8,6.5,CC(C)S
CCCS,16.1,5.8,5.7,CCCS
CCCO,16,6.8,17.4,CCCO
CC(C)O,15.8,6.1,16.4,CC(C)O
CC(=O)OCC#C,16.3,5.2,8.3,C#CCOC(C)=O
C#CC=O,16.2,11.9,8.7,C#CC=O
C1COC1=O,19.7,18.2,10.3,O=C1CCO1
CCC=O,15.3,11.1,6.9,CCC=O
C1C(O1)C=O,17.5,13.4,9.8,O=CC1CO1
CCC(=O)N,16.7,9.8,11.5,CCC(N)=O
CCC(=O)O,14.7,5.3,12.4,CCC(=O)O
CCC(=O)OC(=O)CC,16.2,10,8.7,CCC(=O)OC(=O)CC
CCC#N,15.3,14.3,5.5,CCC#N
CCC(=O)Cl,16.1,10.3,5.3,CCC(=O)Cl
CCCOC(=O)C,15.3,4.3,7.6,CCCOC(C)=O
CCCN,16.9,4.9,8.6,CCCN
CCCCl,16,7.8,2,CCCCl
CCCOC=O,15.5,7.1,8.6,CCCOC=O
CCCOC(=O)C(=C)C,15.5,6.3,6.6,C=C(C)C(=O)OCCC
CCCO[N+](=O)[O-],15.8,11.3,4.1,CCCO[N+](=O)[O-]
CC=C,15.1,1.6,1.5,C=CC
CC1COC(=O)O1,20,18,4.1,CC1COC(=O)O1
CC(CO)Cl,16.8,9.8,15.3,CC(Cl)CO
CC(CO)O,16.8,9.4,23.3,CC(O)CO
CC(COC(C)(C)C)O,15.3,6.1,10.8,CC(O)COC(C)(C)C
CCOCC(C)O,15.7,6.5,10.5,CCOCC(C)O
CC(C)COCC(C)O,15.1,4.7,9.8,CC(C)COCC(C)O
CC(C)OCCCO,15.5,6.1,11,CC(C)OCCCO
CC(COC)O,15.6,6.3,11.6,COCC(C)O
CC(COC)OC(=O)C,15.6,5.6,9.8,COCC(C)OC(C)=O
CC(COC1=CC=CC=C1)O,17.4,5.3,11.5,CC(O)COc1ccccc1
CCCOCC(C)O,15.8,7,9.2,CCCOCC(C)O
CC1CO1,15.2,8.6,6.7,CC1CO1
C#CCO,16.1,8.8,19.1,C#CCO
C#CC#N,15.5,17,6.3,C#CC#N
CC1CCC(=C(C)C)C(=O)C1,17.5,8.9,5.5,CC(C)=C1CCC(C)CC1=O
C1=CNN=C1,20.2,10.4,12.4,c1cn[nH]c1
C1=CC=NN=C1,20.2,17.4,11.7,c1ccnnc1
C1=CC=NC=C1,19,8.8,5.9,c1ccncc1
C1=CC(=C(C(=C1)O)O)O,20.7,10.7,21.1,Oc1cccc(O)c1O
C1=CNC=C1,19.2,7.4,6.7,c1cc[nH]c1
C1CCNC1,17.9,6.5,7.4,C1CCNC1
C1CC(=O)NC1,19.4,17.4,11.3,O=C1CCCN1
CC(=O)C#N,15.9,18.9,8,CC(=O)C#N
COC1=CC2=C(C=CN=C2C=C1)C(C3CC4CCN3CC4C=C)O,19,6.6,11,C=CC1CN2CCC1CC2C(O)c1ccnc2ccc(OC)cc12
C1=CC=C2C(=C1)C=CC=N2,19.8,5.6,5.7,c1ccc2ncccc2c1
C1=CC=C2C(=C1)C(=O)NS2(=O)=O,21,13.9,8.8,O=C1NS(=O)(=O)c2ccccc21
C1=CC=C(C(=C1)C=O)O,19.4,10.7,14.7,O=Cc1ccccc1O
C1=CC=C(C(=C1)C(=O)O)O,19.4,10.1,17.4,O=C(O)c1ccccc1O
C(CCCCC(=O)O)CCCC(=O)O,17.1,7.1,11.7,O=C(O)CCCCCCCCC(=O)O
C1=CC2=C(C=C1O)C(=CN2)CCN,18,8.2,14.4,NCCc1c[nH]c2ccc(O)cc12
COC1=CC(=CC(=C1O)OC)C=CCO,19.2,7.3,16.1,COc1cc(C=CCO)cc(OC)c1O
CC1=CNC2=CC=CC=C12,20,7.1,6.2,Cc1c[nH]c2ccccc12
C(CCNCCCN)CN,16.7,11.2,12,NCCCCNCCCN
CCCCCCCCCCCCCCCCCC(=O)O,16.3,3.3,5.5,CCCCCCCCCCCCCCCCCC(=O)O
C=CC1=CC=CC=C1,18.6,1,4.1,C=Cc1ccccc1
C1C(O1)C2=CC=CC=C2,19.4,5.8,6.6,c1ccc(C2CO2)cc1
C(CC=O)C=O,16.8,9.8,10.5,O=CCCC=O
C1CC(=O)OC1=O,18.6,19.2,16.6,O=C1CCC(=O)O1
C(CC#N)C#N,17.9,16.2,7.9,N#CCCC#N
C1=CC(=CC=C1N)S(=O)(=O)N,20,19.5,10.7,Nc1ccc(S(N)(=O)=O)cc1
C1CCS(=O)(=O)C1,20.3,18.2,10.9,O=S1(=O)CCCC1
C(#N)SC#N,18.1,13.5,0,N#CSC#N
O=S=O,15.8,8.4,10,O=S=O
O=S(=O)(Cl)Cl,17.6,7.2,0,O=S(=O)(Cl)Cl
C1=CC(=CC=C1C(=O)O)C(=O)O,18.8,6.1,10.7,O=C(O)c1ccc(C(=O)O)cc1
CC1=CC(=C(C=C1)O)C(C)(C)C,17.3,3.7,10.5,Cc1ccc(O)c(C(C)(C)C)c1
CC(C)(C1=CC(=C(C(=C1)Br)O)Br)C2=CC(=C(C(=C2)Br)O)Br,20.2,9.1,13.8,CC(C)(c1cc(Br)c(O)c(Br)c1)c1cc(Br)c(O)c(Br)c1
C(C(Br)Br)(Br)Br,22.6,5.1,8.2,BrC(Br)C(Br)Br
C1=C(C(=CC(=C1Cl)Cl)Cl)Cl,21.2,10.7,3.4,Clc1cc(Cl)c(Cl)cc1Cl
C1CC(C(=O)C(C1)(Cl)Cl)(Cl)Cl,19.5,14,6.3,O=C1C(Cl)(Cl)CCCC1(Cl)Cl
C(C(Cl)Cl)(Cl)Cl,18.8,5.1,5.3,ClC(Cl)C(Cl)Cl
C(C(Cl)(Cl)Cl)Cl,18,4.4,4.2,ClCC(Cl)(Cl)Cl
C(=C(Cl)Cl)(Cl)Cl,18.3,5.7,0,ClC(Cl)=C(Cl)Cl
CC(C(Cl)Cl)(Cl)Cl,17.9,6.7,3.3,CC(Cl)(Cl)C(Cl)Cl
CCCCCCCCCCCCCC,16.2,0,0,CCCCCCCCCCCCCC
CCCCCCCCCCCCC=C,16.1,0.5,1.9,C=CCCCCCCCCCCCC
CCO[Si](OCC)(OCC)OCC,13.9,4.3,0.6,CCO[Si](OCC)(OCC)OCC
C1CCOC1,16.8,5.7,8,C1CCOC1
C1CC(OC1)CO,17.8,8.2,10.2,OCC1CCCO1
C1CCC2=CC=CC=C2C1,19.6,2,2.9,c1ccc2c(c1)CCCC2
C1CCOCC1,16.4,6.3,6,C1CCOCC1
C1CCSCC1,18.5,6.3,8.9,C1CCSCC1
COC(CC(OC)OC)OC,15,7.1,6.8,COC(CC(OC)OC)OC
CC1=C(C(=C(C=C1)C)C)C,18.8,0.5,0.5,Cc1ccc(C)c(C)c1C
CC1=CC(=C(C(=C1)C)C)C,18.6,0.5,0.5,Cc1cc(C)c(C)c(C)c1
C1CCSC1,18.6,6.7,9.1,C1CCSC1
C1CCS(=O)C1,18.2,11,9.1,O=S1CCCC1
CN(C)C(=O)N(C)C,16.7,8.2,11,CN(C)C(=O)N(C)C
C([N+](=O)[O-])([N+](=O)[O-])([N+](=O)[O-])[N+](=O)[O-],15.5,9.9,7.5,O=[N+]([O-])C([N+](=O)[O-])([N+](=O)[O-])[N+](=O)[O-]
CCSC,16.2,5.9,5.3,CCSC
C1CS1,19.3,9.1,5,C1CS1
C1=CSC=N1,20.5,18.8,10.8,c1cscn1
CC(=S)N,17.5,20.6,20.2,CC(N)=S
CC(=O)S,17,6.7,8.9,CC(=O)S
C1CC(=O)SC1,19,6.9,6.2,O=C1CCCS1
C(#N)S,16.8,8.9,10.9,N#CS
C(C(=O)O)S,16,8.6,14.8,O=C(O)CS
O=S(Cl)Cl,16.9,6.2,5.9,O=S(Cl)Cl
C1=CSC=C1,18.9,2.4,7.8,c1ccsc1
C1=CC=C(C=C1)S,20,4.5,10.3,Sc1ccccc1
C(=S)(N)N,20,21.7,14.8,NC(N)=S
C1CSCCO1,19,6.6,7.7,C1CSCCO1
CC1=CC(=C(C=C1)C(C)C)O,19,4.5,10.8,Cc1ccc(C(C)C)c(O)c1
CC1=CC=CC=C1,18,1.4,2,Cc1ccccc1
CC1=CC=CC=C1N,19.4,5.8,9.4,Cc1ccccc1N
CC1=C(C=C(C=C1)N=C=O)N=C=O,19.3,7.9,6.1,Cc1ccc(N=C=O)cc1N=C=O
CC(=O)OCC(COC(=O)C)OC(=O)C,16.5,4.5,9.1,CC(=O)OCC(COC(C)=O)OC(C)=O
B(OCCCC)(OCCCC)OCCCC,16.7,1.8,4.6,CCCCOB(OCCCC)OCCCC
CCCCOC(=O)CC(CC(=O)OCCCC)(C(=O)OCCCC)O,16.6,3.8,10.1,CCCCOC(=O)CC(O)(CC(=O)OCCCC)C(=O)OCCCC
CCCCOP(=O)(OCCCC)OCCCC,16.3,6.3,4.3,CCCCOP(=O)(OCCCC)OCCCC
C1=NNN=C1,20.7,8.8,15,c1cn[nH]n1
C1=C(C=C(C(=C1Br)O)Br)Br,20.6,10.2,14.1,Oc1c(Br)cc(Br)cc1Br
C(=C(Br)Br)Br,18.3,9.4,8,BrC=C(Br)Br
C=CC(Cl)(Cl)Cl,17.7,15.5,3.4,C=CC(Cl)(Cl)Cl
CC(=C(Cl)Cl)Cl,17.7,15.7,3.4,CC(Cl)=C(Cl)Cl
C(C(=CCl)Cl)Cl,17.8,15.7,3.4,ClC=C(Cl)CCl
C(=O)(C(Cl)(Cl)Cl)O,18.3,5.8,11.4,O=C(O)C(Cl)(Cl)Cl
C(#N)C(Cl)(Cl)Cl,16.4,7.4,6.1,N#CC(Cl)(Cl)Cl
COC1=C(C=C(C=C1Cl)Cl)Cl,21,3.9,7,COc1c(Cl)cc(Cl)cc1Cl
C1=CC(=C(C=C1Cl)Cl)Cl,20.2,6,3.2,Clc1ccc(Cl)c(Cl)c1
CC(Cl)(Cl)Cl,16.8,4.3,2,CC(Cl)(Cl)Cl
C(C(Cl)Cl)Cl,18.2,5.3,6.8,ClCC(Cl)Cl
C(=C(Cl)Cl)Cl,18,3.1,5.3,ClC=C(Cl)Cl
C(F)(Cl)(Cl)Cl,15.3,2,0,FC(Cl)(Cl)Cl
C1=C(C=C(C(=C1Cl)O)Cl)Cl,20.3,5.1,10.8,Oc1c(Cl)cc(Cl)cc1Cl
C(C(CCl)Cl)Cl,17.8,12.3,3.4,ClCC(Cl)CCl
[SiH](Cl)(Cl)Cl.[SiH](Cl)(Cl)Cl,14.2,3.6,3.8,Cl[SiH](Cl)Cl.Cl[SiH](Cl)Cl
C1=C(C(=CC(=C1Cl)Cl)Cl)S,21,4.5,9.1,Sc1cc(Cl)c(Cl)cc1Cl
C(C(F)(Cl)Cl)(F)(F)Cl,14.7,1.6,0,FC(F)(Cl)C(F)(Cl)Cl
C1=CC(=C(C=C1Cl)O)OC2=C(C=C(C=C2)Cl)Cl,20,7.7,10,Oc1cc(Cl)ccc1Oc1ccc(Cl)cc1Cl
CC1=CC=C(C=C1)OP(=O)(OC2=CC=C(C=C2)C)OC3=CC=C(C=C3)C,19,12.3,4.5,Cc1ccc(OP(=O)(Oc2ccc(C)cc2)Oc2ccc(C)cc2)cc1
CC1(C2CC3C1(C3C2)C)C,16.9,0,0,CC1(C)C2CC3C(C2)C31C
CCCCCCCCCCCCCO,16.2,3.1,9,CCCCCCCCCCCCCO
C(CO)N(CCO)CCO,17.3,22.4,23.3,OCCN(CCO)CCO
C(CO)N(CCO)CCO,17.2,20.3,18.4,OCCN(CCO)CCO
CCOC(=O)CC(CC(=O)OCC)(C(=O)OCC)O,16.5,4.9,12,CCOC(=O)CC(O)(CC(=O)OCC)C(=O)OCC
CCN(CC)CC,17.8,0.4,1,CCN(CC)CC
C(COCCOCCO)O,16,12.5,18.6,OCCOCCOCCO
COCCOCCOCCO,16.2,7.6,12.5,COCCOCCOCCO
CCOP(=O)(OCC)OCC,16.7,11.4,9.2,CCOP(=O)(OCC)OCC
C(C(F)(F)F)O,15.4,8.3,16.4,OCC(F)(F)F
C1=CC(=C(C(=C1[N+](=O)[O-])F)F)F,19.5,7.7,3.5,O=[N+]([O-])c1ccc(F)c(F)c1F
C1=CC=C(C=C1)C(F)(F)F,17.5,8.8,0,FC(F)(F)c1ccccc1
C(=O)(C(F)(F)F)O,15.6,9.9,11.6,O=C(O)C(F)(F)F
CC(F)(F)F,14.6,10.7,0,CC(F)(F)F
C(F)(F)F,14.4,8.9,6.5,FC(F)F
CC(=O)C1=CC=C(C=C1)C(F)(F)F,18.8,6.1,3.5,CC(=O)c1ccc(C(F)(F)F)cc1
C1=CC(=CC(=C1)C(F)(F)F)C(F)(F)F,17,6.8,0,FC(F)(F)c1cccc(C(F)(F)F)c1
CC(C)CCCCCOC(=O)C1=CC(=C(C=C1)C(=O)OCCCCCC(C)C)C(=O)OCCCCCC(C)C,16.6,6,2.5,CC(C)CCCCCOC(=O)c1ccc(C(=O)OCCCCCC(C)C)c(C(=O)OCCCCCC(C)C)c1
CN(C)C,14.6,3.4,1.8,CN(C)C
CC(C)C(C(C)(C)COC(=O)C(C)C)O,15.1,6.1,9.8,CC(C)C(=O)OCC(C)(C)C(O)C(C)C
CC1=C(C(=CC=C1)C)C,18,1,1,Cc1cccc(C)c1C
C1CSC1,18.8,7.8,9.4,C1CSC1
CC(C)CC(C)(C)C,14.1,0,0,CC(C)CC(C)(C)C
COP(=O)(OC)OC,16.7,15.9,10.2,COP(=O)(OC)OC
CC1=C(C=C(C=C1[N+](=O)[O-])[N+](=O)[O-])[N+](=O)[O-],19.5,3.7,4.5,Cc1c([N+](=O)[O-])cc([N+](=O)[O-])cc1[N+](=O)[O-]
C1=CC(=C(C=C1C(F)(F)F)CBr)I,16.2,5.9,4.2,FC(F)(F)c1ccc(I)c(CBr)c1
C1OCOCO1,18.7,9.2,8.6,C1OCOCO1
C1=CC=C(C=C1)OP(=O)(OC2=CC=CC=C2)OC3=CC=CC=C3,20.1,6.4,6.8,O=P(Oc1ccccc1)(Oc1ccccc1)Oc1ccccc1
CCCCCCCCCCC,16,0,0,CCCCCCCCCCC
C(=O)(N)N,20.9,18.7,26.4,NC(N)=O
CCCCC#N,15.3,11,4.8,CCCCC#N
COC1=C(C=CC(=C1)C=O)O,19.4,9.8,11.2,COc1cc(C=O)ccc1O
C=COCCCl,16.3,6.7,5.8,C=COCCCl
CC(=O)OC=C,16,7.2,5.9,C=COC(C)=O
C=CCC(=O)O,16.8,5.2,12.3,C=CCC(=O)O
C=CC#C,15.1,1.7,12,C#CC=C
C=CCOC=C,14.9,6.5,5.3,C=CCOC=C
C=CN,15.7,7.2,11.8,C=CN
C=CBr,15.9,6.3,5.4,C=CBr
CCCCOC=C,15.2,4.1,5.1,C=COCCCC
CCCC(=O)OC=C,15.6,3.9,6.9,C=COC(=O)CCC
C=COCCOCCO,16.3,7.5,13.8,C=COCCOCCO
C=CCl,16,6.5,2.4,C=CCl
CC=CC(=O)OC=C,15.9,5,9,C=COC(=O)C=CC
C=COC=C,14.8,4.2,5.8,C=COC=C
C=COCCOCCOCCO,15.9,6,6.6,C=COCCOCCOCCO
CCOC=C,14.5,4.9,6,C=COCC
C=COC=O,15.3,6.5,9.7,C=COC=O
C=CI,17.1,5.5,7.3,C=CI
CC(C)COC=C,15.1,4.1,5.1,C=COCC(C)C
CC(C)OC=C,14.7,3.5,5.2,C=COC(C)C
CCC(=O)OC=C,15.6,8,4.7,C=COC(=O)CC
C=CC1=CC=NC=C1,18.1,7.2,6.8,C=Cc1ccncc1
C=CN1CCCC1=O,16.4,9.3,5.9,C=CN1CCCC1=O
C=C[SiH3],15.5,2.6,4,C=C[SiH3]
CC1=CC=CC=C1C=C,18.6,1,3.8,C=Cc1ccccc1C
C[Si](C)(C)C=C,14.5,1,2.5,C=C[Si](C)(C)C
C1=COC(=O)O1,17.3,18.1,9.6,O=c1occo1
O,15.5,16,42.3,O
CC1=CC=CC=C1C,17.6,1,3.1,Cc1ccccc1C
